App Name,App Store URL
ChatGPT,https://apps.apple.com/us/app/chatgpt/id6448311069
Chatbot AI Assistant - Genie,https://apps.apple.com/us/app/chatbot-ai-assistant-genie/id1658377526
AI Chatbot - Nova,https://apps.apple.com/us/app/ai-chatbot-nova/id1669007652
AI Chat Assistant Ð ChatNow,https://apps.apple.com/us/app/ai-chat-assistant-chatnow/id1667518571
AI Chatbot_,https://apps.apple.com/us/app/ai-chatbot/id6446221812
ChatOn AI - Chat Bot Assistant,https://apps.apple.com/us/app/chaton-ai-chat-bot-assistant/id1661308505
DeepSeek AI Assistant,https://apps.apple.com/us/app/deepseek-ai-assistant/id6737597349
Poe by Quora,https://apps.apple.com/us/app/poe-fast-helpful-ai-chat/id1640745955
Replika: My AI Friend,https://apps.apple.com/us/app/replika-my-ai-friend/id1158555867
AI Chatbot: AI Chat Smith 4,https://apps.apple.com/us/app/ai-chatbot-ai-chat-smith-4/id1559479889
Whisper: AI Chat bot Assistant,https://apps.apple.com/us/app/whisper-ai-chat-bot-assistant/id6445982288
AI + Chat: Text Chatbot,https://apps.apple.com/af/app/ai-chat-text-chatbot/id6447537694
Grok by xAI,https://apps.apple.com/us/app/grok/id6670324846
"Character AI: Chat, Talk, Text",https://apps.apple.com/us/app/character-ai-chat-talk-text/id1671705818
PolyBuzz: Chat with AI Friends,https://apps.apple.com/us/app/polybuzz-chat-with-ai-friends/id6449190344
Google Gemini,https://apps.apple.com/us/app/google-gemini/id6477489729
CHAI: Social AI Platform- Chat,https://apps.apple.com/us/app/chai-social-ai-platform-chat/id1544750895
Chatbox AI - Chatbot Assistant,https://apps.apple.com/us/app/chatbox-ai-chatbot-assistant/id6447763703
Botify AI: Create. Chat. Bot,https://apps.apple.com/us/app/botify-ai-create-chat-bot/id1566710178
Chat Unlimited & Ask Brutus AI,https://apps.apple.com/us/app/chat-unlimited-ask-brutus-ai/id6443925235
Emochi: Unlimited Chat with AI,https://apps.apple.com/us/app/emochi-unlimited-chat-with-ai/id6476081894
Chat AI Bot - Writing Assistant ,https://apps.apple.com/us/app/chat-ai-bot-writing-assistant/id6451249957
Ultimate AI,https://apps.apple.com/us/app/ultimate-ai/id6476703927
Monica AI: Deep Chat & Search,https://apps.apple.com/us/app/monica-ai-deep-chat-search/id6450770590
Meta AI,https://apps.apple.com/us/app/meta-ai/id1558240027
Claude by Anthropic,https://apps.apple.com/us/app/claude-by-anthropic/id6473753684
Microsoft Copilot,https://apps.apple.com/us/app/microsoft-copilot/id6472538445
Perplexity - Ask Anything,https://apps.apple.com/us/app/perplexity-ask-anything/id1668000334
Chat & Ask AI by Codeway,https://apps.apple.com/us/app/chat-ask-ai-by-codeway/id1668787639
Google Assistant,https://apps.apple.com/us/app/google-assistant/id1220976145
AI Chatbot,https://apps.apple.com/us/app/ai-chatbot/id1663671180
Ask GPT -4: Advance GPT AI Chat,https://apps.apple.com/us/app/ask-gpt-4-advance-gpt-ai-chat/id6471589062
AI Assistant Chat - Chatbot 4.5,https://apps.apple.com/us/app/ai-assistant-chat-chatbot-4-5/id6502348629
Chat AI - Ask Anything,https://apps.apple.com/us/app/chat-ai-ask-anything/id1660877567
GoatChat - AI Chatbot,https://apps.apple.com/us/app/goatchat-ai-chatbot/id1659427516
AI Chat 4.0: Genius,https://apps.apple.com/us/app/ai-chat-4-0-genius/id1665764663
AI Chatbot & Writer: KnowIt,https://apps.apple.com/us/app/ai-chatbot-writer-knowit/id6446508895
UnItd Artificial Intelligence,https://apps.apple.com/us/app/unltd-artificial-intelligence/id6504840242
Chatbot AI - Smart Search Bot,https://apps.apple.com/us/app/chatbot-ai-smart-search-bot/id6476502171