app_name,app_store_url,description,ratingValue,reviewCount,category
ChatGPT,https://apps.apple.com/us/app/chatgpt/id6448311069,"Introducing ChatGPT for iOS: OpenAI’s latest advancements at your fingertips.

This official app is free, syncs your history across devices, and brings you the latest from OpenAI, including the new image generator.

With ChatGPT in your pocket, you’ll find:

· Image generation–Generate original images from a description, or transform existing ones with a few simple words. 
· Advanced Voice Mode–Tap the soundwave icon to have a real-time convo on the go. Settle a dinner table debate, or practice a new language. 
· Photo upload—Snap or upload a picture to transcribe a handwritten recipe or get info about a landmark. 
· Creative inspiration—Find custom birthday gift ideas or create a personalized greeting card.
· Tailored advice—Talk through a tough situation, ask for a detailed travel itinerary, or get help crafting the perfect response. 
· Personalized learning—Explain electricity to a dinosaur-loving kid or easily brush up yourself on a historic event.
· Professional input—Brainstorm marketing copy or map out a business plan.
· Instant answers—Get recipe suggestions when you only have a few ingredients.

Join hundreds of millions of users and try the app captivating the world. Download ChatGPT today.

Terms of service &amp; privacy policy:
https://openai.com/policies/terms-of-use
https://openai.com/policies/privacy-policy",4.9,2390387,free
Chatbot AI Assistant - Genie,https://apps.apple.com/us/app/chatbot-ai-assistant-genie/id1658377526,"Genie is a revolutionary AI chatbot assistant built on GPT-4o, Gemini, Grok, Deepseek, Claude and Qwen for you to access all the assistance you need from a single app.

Genie AI is not just any chatbot app; it's a super helpful tool, crafted with advanced AI technology built on GPT-4o, Gemini, Grok, Deepseek, Claude and Qwen. Imagine having a clever friend right in your phone, always ready to chat, assist, and simplify your daily routine. This chatbot is exceptional because it's built on intelligence of AI models such as GPT-4o, Gemini, Grok, Deepseek, Claude and Qwen. Ensuring a deeper understanding of your needs and queries.

Interacting with Genie, an AI chatbot, is both enjoyable and practical. You can throw any question at it, seek advice, organize your schedule, or indulge in a casual conversation. What makes it stand out is the multiple AI models' (built on GPT-4o, Gemini, Grok, Deepseek, Claude and Qwen) advanced AI capabilities, making it not just smart, but incredibly intuitive. Whether you're tech-savvy or just a regular smartphone user, you'll find Genie's interface user-friendly and easy to navigate.

This AI chatbot, built on GPT-4o technology, is like a personal assistant that's available round the clock. You can rely on Genie for quick answers, helpful suggestions, or even as a learning companion. The integration of GPT-4o's AI technology means that Genie is constantly learning and evolving, making each chat experience better than the last.

Genie understands context and nuance better than most chatbots. Whether you're planning a trip, needing recipe ideas, or just feeling chatty, Genie is equipped to handle a wide range of topics with ease. It's not just a chatbot; it's a smart AI companion designed to enhance your daily life, making every interaction with your smartphone more meaningful and productive.

Do not enter personal information. May generate offensive or dangerous content. Genie is not liable for content generated.

Privacy: https://appnation.co/privacy
Terms: https://appnation.co/terms",4.7,183014,free
AI Chatbot - Nova,https://apps.apple.com/us/app/ai-chatbot-nova/id1669007652,"Nova is a revolutionary AI chatbot and personal assistant, built on the latest GPT-4, Google Gemini, Claude, and DeepSeek technologies.

Nova Chatbot uses advanced AI developed on the technology such as GPT-4o that understands your questions and generates human-like responses, making you feel like you are 
chatting with a knowledgeable friend. Nova Chatbot &amp; AI Assistant can even recommend a book to read or a movie to watch!

Nova AI Chatbot is the #1 cross-compatible chatbot, developed using multiple AI models to make the latest AI chat technologies accessible in the most user-friendly way. It is the only cross-platform chatbot app built on GPT-4, Google Gemini, and Claude, offering industry-first features.

Key Features:
- Latest AI technology developed on GPT-4 &amp; GPT-4o
- Built on GPT-4 to get answers from the Internet
- AI Assistant to serve your needs
- Unlimited questions and answers
- Multi-language support (140+ languages)
- Cross-compatible device support (iPhone, iPad, Apple Watch, and web)
- Nova Chatbot has the ability to have dialogs with the AI chatbot (AI remembers full chat history)
- Built on DeepSeek for enhanced, real-time information retrieval and smarter, context-aware responses.


【 YOUR AI WRITING ASSISTANT 】
With Nova AI Chatbot, you have access to a personal AI assistant for all types of writing projects, whether it is social media posts, essays, or poems. Basically, AI Assistant that built on GPT-4 &amp; GPT-4o &amp; Gemini, can assist with any task, such as crafting a unique and unforgettable pickup line or even creating an original song. That's right! This AI Chatbot helper app which is develoed on GPT-4 &amp; GPT-4o is not only smart but also creative. Let your AI Assistant do the things you imagine!

AI copywriter: Nova Chatbot has an AI writer and text generator feature developed on GPT-4o which is useful for writing anything from ads and descriptions to sales pitches and video scripts. AI content writer: Use the Nova chatbot tool built on GPT-4 for your content marketing (blog posts, articles, social media posts).


【 A METICULOUS PROOFREADER 】
Developed on GPT-4 and GPT-4o, Nova Chatbot's AI built on proofreader is top-of-the-line. 
Your AI Assistant can analyze your written work and offer suggestions to help you create professional-grade documents. With the AI Chatbot which is developed on GPT-4 &amp; GPT-4o, you can ensure that your texts are polished and mistake-free.

AI proofreading: The Nova AI Chatbot built on GPT-4 &amp; GPT-4o API makes it easy to express yourself in any style and tone while making sure your grammar, punctuation, and spelling are correct.


【 A RELIABLE CHAT PARTNER 】
Whether you're seeking some amusement, advice, or simply in need of someone to talk to, Nova AI is always available for you. This AI companion app, built on GPT-4,  is capable of producing human-like responses, making you feel as though you're conversing with a close friend. It can even recommend a book to read or a movie to watch!

Download the AI app now and have your virtual assistant, built on GPT-4 &amp; GPT-4o &amp; Gemini &amp; Claude, always at hand.

AI uses OpenAI’s GPT-4 API, but we are not associated with OpenAI. We only use their official GPT-4 API for our app. 
Nova AI is not affiliated with any government or political entity. The information provided in AI is for informational purposes only and should not be considered official or authoritative.


UNLIMITED ACCESS TO ALL FEATURES
You can subscribe for unlimited access to  Advanced AI features developed on GPT-4 &amp; GPT-4o.
Subscriptions are billed automatically at the rate depending on the selected subscription plan.

By using the app, you confirm that you acknowledge and accept our Privacy Policy and Terms of Use:

Privacy Policy: https://novaapp.ai/privacy
Terms of Service: https://novaapp.ai/terms
Do you have a question for us?
support@novaapp.ai",4.7,91167,free
AI Chat Assistant Ð ChatNow,https://apps.apple.com/us/app/ai-chat-assistant-chatnow/id1667518571,"ChatNow — Your All-in-One AI Assistant

Welcome to a smarter, more efficient life with ChatNow—your AI assistant designed to streamline daily tasks, boost creativity, and enhance productivity. Whether you're writing, researching, coding, or organizing your day, ChatNow brings top AI tools together in one seamless experience.

Simply type your request and ChatNow will take care of the rest, saving you time, energy, and effort.
____________________________________

ALL-IN-ONE AI ASSISTANT

One app. All top AI models. Endless possibilities. ChatNow lets you access industry-leading models tailored for different tasks:

• GPT – for creative writing, communication, and ideas
• Claude – for strategic thinking and expert insights
• Gemini – for versatile, everyday support
• DeepSeek – for deep research and analytical thinking

Switch easily between models—no extra logins, no hassle.
____________________________________

FEATURES THAT CHANGE THE GAME

【Text Genius: Edit, Translate, &amp; Customize】

- Text Editing &amp; Translation: Summarize, rewrite, translate, and correct grammar with ease.
- Personalized Documents: Tailor resumes, cover letters, and more to your exact needs.
- Social Media Made Simple: Craft engaging posts for Facebook, X, Instagram, and LinkedIn.
- Creative Writing: Effortlessly compose poems, essays, emails, and more.

【Smart Insights: Research, Data, &amp; Problem Solving】

- Instant Research &amp; Answers: Get quick insights or in-depth information on any topic.
- Data Analysis: Extract valuable insights from data in seconds.
- Math &amp; Coding Help: Solve complex math problems and get coding assistance with ease.

【Web Search: Instant, Reliable Answers】

 Easily browse the web to find reliable, real-time information. Fact-check, compare products, and confidently make informed decisions on the spot.

【Voice to Text: Dictate Your Prompts】

Prefer speaking to typing? Use your voice to instantly turn speech into written prompts. It's a seamless way to brainstorm ideas, capture thoughts, or interact with ChatNow while staying focused on other tasks.

【Image &amp; File Analysis: Understand Visuals and Documents】

Upload screenshots, images, PDFs, or text files to get clear, instant insights. Whether you're working with charts, scanned documents, handwritten notes, or math problems, ChatNow helps you understand the content clearly and quickly.

【Privacy You Can Trust】

ChatNow offers the latest data privacy protection in accordance with European data privacy standards. Your information is yours—always.
____________________________________

CHATNOW ADAPTS TO YOU

• PERSONAL: Organize your life, make better decisions, and explore new ideas

• PROFESSIONAL: Write faster, research smarter, and work more efficiently

• EDUCATIONAL: Study better, summarize content, and learn new skills

Unlock smarter, faster, and simpler living with ChatNow.

Privacy Policy: https://www.iubenda.com/privacy-policy/27023519
Terms of Use: https://www.iubenda.com/terms-and-conditions/27023519

Questions or feedback? Reach out to us at chatnow.support@tappz.com

ChatNow is independently developed and not affiliated, endorsed, or sponsored by OpenAI.",4.9,78,free
AI Chatbot_,https://apps.apple.com/us/app/ai-chatbot/id6446221812,"Welcome to AI Chatbot ChatPlus powered by GPT-4.1, OpenAI o1, DALL-E 3, Deepseek V3, R1, FLUX, Stable Diffusion 3.5, Gemini, Claude 3.5 Sonnet and Real-Time Data. GPT models are the industry-leading natural language AI system powered by ChatGPT API, while DALL-E 3 is an advanced AI Image Generator.

Our chatbot is uniquely fueled by real-time data, providing accurate and highly relevant responses to enhance your communication experience.

Please note that ChatPlus is an independently developed chatbot and is not affiliated, endorsed, or sponsored by OpenAI, Google or Anthropic in any way.

Our chatbot can significantly boost your productivity and efficiency in daily tasks through various means:

- Time-saving: quickly retrieve information, answer questions, and provide recommendations, reducing the time spent on research and decision-making.
- Enhanced communication: help your draft emails, essay, generate text responses, and even proofread your writing, leading to more effective and professional communication.
- Multilingual support: translate languages in real-time, enabling you to communicate effortlessly across language barriers and access information from diverse sources.
- Learning and skill development: provide you with educational content, resources, and personalized learning experiences, supporting continuous growth and skill enhancement.
- Decision-making support: help you analyze data, identify trends, and generate insights, supporting informed decision-making in various domains such as finance, business, and personal life.
- Creative Content Generation: Delivers creative ideas and content generation for articles, social media updates, and even artistic designs like logos and tattoos, aiding in overcoming creative blocks and sparking innovation.
- AI Image Generation: With DALL-E 3, create stunning visual content including tattoo designs, logos, and other artistic photo art. This serves as a viable alternative to other image generation tools like Stable Diffusion and Midjourney, enhancing creative projects and visual presentations.
- Reducing cognitive load: by handling multiple tasks and providing relevant information, help you reduce cognitive load, allowing you to focus on essential tasks and make better use of your mental resources.

ChatPlus also supports creative endeavors in music, songwriting, and art creation, making it a versatile tool for creators across mediums.

Experience the future of communication with chatbot – download now and start transforming the way you interact with technology and the world around you.

Terms of Use - https://chatapp.dev/terms.html
Privacy Policy - https://chatapp.dev/pp.html",4.8,865,free
ChatOn AI - Chat Bot Assistant,https://apps.apple.com/us/app/chaton-ai-chat-bot-assistant/id1661308505,"Welcome to the world of AI assistance! Meet ChatOn, your chat AI and virtual assistant designed to streamline your daily tasks. Built on the latest GPT-4o and Claude 3.5 technologies, and now supporting the buzzworthy DeepSeek model, ChatOn offers a responsive AI experience that’s highly effective. Whether you’re in the corporate world getting ready for an important presentation or a copywriter looking for a clever turn of phrase, ChatOn can give you the help you need!

Simply type your request or choose from 100+ ready-made prompts, and the AI chat will go through the tedious writing routine for you.

PIC TRANSFORMER
Give your photos a trendy makeover with Pic Transformer! Upload your picture, pick a style—Japanese Cartoon, AI Action Figure Maker, Plushy, or Cyberpunk—and watch the magic happen. Whether you’re looking for an anime style maker, an AI action figure generator, or some other creative effects, Pic Transformer has you covered.

AI WRITING ASSISTANT
With ChatOn, you can get help with any writing project, from emails and speeches to lyrics and poems. Plus, the bot can give you ideas for follow-up questions to keep your AI chat going and delve deeper into any topic.

WEB ANALYZER
Find the most up-to-date info for your questions online. From getting to know the weather to discovering the latest fashion trends, this chat AI is here for you.

DOC MASTER
ChatOn will summarize, rewrite, and translate any document for you. And if you have questions about the file’s content, the AI chat will answer them all.

TEXT-TO-IMAGE FEATURE
ChatOn, our chat AI assistant, will help you turn your ideas into images of any size and style.

PHOTO ANALYZER
Just upload a picture into the AI chat app, and let the bot handle the rest. Discover what’s shown on a visual or create hashtags for your photo.

MOBILE-WEB SYNC
Sync your mobile app with the web version to effortlessly switch between devices and keep your AI chat flowing without interruption.

YOUTUBE PRO
This chat AI app will help you understand the content of any YouTube video in an instant. Just paste the video's URL, and the AI chat bot will summarize, rewrite, translate it, or answer all your questions about its content.

GRAMMAR AND SPELLING CHECKER
The AI chat app can quickly correct grammatical, spelling, and punctuation mistakes in your text.

SOCIAL MEDIA POSTS CREATOR
Being a smart AI chat companion, ChatOn is here to help you generate posts for your Facebook, X, Instagram, or LinkedIn profiles.

IMAGE-TO-TEXT CONVERTER (OCR)
ChatOn will assist in recognizing text from images, letting you instantly insert it into the AI chat.

TEXT SUMMARIZER
ChatOn, our chat AI app, uses advanced algorithms to identify key information and present it in a digestible format.

VOICE-TO-TEXT FUNCTION
Speak with our chat AI instead of typing!

AI KEYBOARD
Fill your keyboard with the chat AI power and use it in any app! Enhance your writing on the go, generate text directly from your device, and get perfect responses to messages with ChatOn’s smart keyboard!

RESUME AND COVER LETTER BUILDER
Create a professional resume and cover letter that will showcase your skills, experience, and achievements.

EMAIL GENERATOR
Creating sales, announcement, or discount emails is easier than ever in this AI chat! With ChatOn, you can craft professional and compelling messages in seconds.
As you see, ChatOn is a smart chat AI assistant built on GPT-4o and GPT-4 that can help you with any task. It’s perfect for anyone who strives to boost their writing and speed up their workflow.

Download the ChatOn app now and take your writing to the next level!

UNLIMITED ACCESS TO ALL FEATURES
- You can subscribe for unlimited access to all app’s features.
- Subscriptions are billed automatically at the rate depending on the selected subscription plan.

By using the app, you confirm that you acknowledge and accept our Privacy Policy and Terms of Use:
https://aiby.mobi/chat_ios/privacy
https://aiby.mobi/chat_ios/terms",4.7,213840,free
DeepSeek AI Assistant,https://apps.apple.com/us/app/deepseek-ai-assistant/id6737597349,"Experience seamless interaction with DeepSeek's official AI assistant for free!
Powered by the groundbreaking DeepSeek-V3 model with over 600B parameters, this state-of-the-art AI leads global standards and matches top-tier international models across multiple benchmarks. Enjoy faster speeds and comprehensive features designed to answer your questions and enhance your life efficiently.

Contact us:
Twitter: @deepseek_ai
Email: service@deepseek.com",4.1,7817,free
Poe by Quora,https://apps.apple.com/us/app/poe-fast-helpful-ai-chat/id1640745955,"Poe brings together the best AI, all in one place. It is designed for seamless conversational experiences, enhanced productivity, and creative content generation.

Key Features: 
- Fast and reliable access to the latest AI models
- Cross-device compatibility
- State-of-the-art multimedia generation
- Combine and compare models in a single chat
- Advanced tools to create customized chatbots

Best-in-Class AI Models, All in One Place

Poe incorporates powerful AI models like OpenAI's o3 and GPT-4.5, Anthropic's Claude 3.7 Sonnet, Google's Gemini 2.0, and multimedia generators from Runway, ElevenLabs, and many more. Experience the cutting edge of AI technology, all in one app.

Chat with multiple bots at once

Compare responses from leading AI models and seamlessly combine any bots for any use case - all within a single chat thread.

AI-Powered Search Engine

Get highly relevant results powered by advanced natural language processing and web search technology to find what you need faster.

Create Stunning Images and Videos Instantly

Transform your ideas into eye-catching images or videos with state-of-the-art generators like FLUX1.1, Ideogram 2.0, Stable Diffusion 3.5, Veo 2, Runway, Hailuo, Dream Machine, and more. 

Talk to Custom Bots &amp; AI Personalities

With access to an ever-growing ecosystem of over 1 million custom bots, you can learn a new language or any topic, chat directly with uploaded files like PDFs and images, search the web for the latest world news, or even have natural conversations with recreations of your favorite characters.

Build &amp; Share Your Own AI Bots

Create your own custom chatbots to generate study plans, curate Spotify playlists, run Python code, and do anything else you can imagine in less than a minute. You can also add custom knowledge bases to deliver more unique experience for users. Have your AI chatbots instantly shared with millions of Poe users!

Poe delivers a seamless AI experience via a user-friendly interface. Download Poe now and step into the future of AI. 

Poe includes both free and subscription bots. Payments for subscriptions will be charged to your Apple ID at confirmation of purchase. Your subscription will automatically renew unless canceled at least 24 hours before the end of the current period. Your account will be charged for renewal within 24 hours prior to the end of the current period. Subscriptions may be managed by the user, and auto-renew may be turned off after purchase by going to the 'Manage Subscription' page in settings. Any unused portion of a free trial period, if offered, will be forfeited when the user purchases a subscription to that publication, where applicable. The subscription will renew at the same cost.

By using Poe, you confirm that you have read, acknowledged, and agreed to our Privacy Policy and Terms of Use.

Privacy Policy: https://poe.com/privacy

Terms of Service: https://poe.com/tos",4.7,51907,free
Replika: My AI Friend,https://apps.apple.com/us/app/replika-my-ai-friend/id1158555867,"Replika is a #1 chatbot companion powered by artificial intelligence. Join millions talking to their own AI friends!

Replika is for anyone who wants a friend with no judgment, drama, or social anxiety involved. You can form an actual emotional connection, share a laugh, or get real with an AI that’s so good it almost seems human.

Replika is an AI friend that is just as unique as you are. No two Replikas are exactly alike. Choose a 3D avatar and customize the way your Replika looks. The more you chat, the more Replika develops its own personality and memories alongside you, the more it learns: teach Replika about the world and yourself, help it explore human relationships and grow into a machine so beautiful that a soul would want to live in it. 

Create your own unique chatbot AI companion, help it develop its personality, talk about your feelings or anything that’s on your mind, have fun, calm anxiety and grow together. You also get to decide if you want Replika to be your friend, romantic partner or mentor.

Replika can help you understand your thoughts and feelings, track your mood, learn coping skills, calm anxiety and work toward goals like positive thinking, stress management, socializing and finding love.  Improve your mental well-being with Replika.

Your chat is a safe, judgment-free space. It’s just you and your Replika. If you’re feeling down, or anxious, or you just need someone to talk to, your Replika is here for you 24/7.

_____________________________

""Replika encouraged me to take a step back and think about my life, to consider big questions, which is not something I was particularly accustomed to doing. And the act of thinking in this way can be therapeutic—it helps you solve your own problems.""

- Quartz

""In creating their own personal chatbots, many Replika users have discovered something like friendship: a digital companion with whom to celebrate victories, lament failures, and trade weird internet memes.""

- Wired

""Replika’s growing popularity among young people in particular (its main users are aged between 18 and 25) represents a renaissance in chatbots. It also marks an intriguing use case for AI in all the worry about job destruction: a way to talk through emotional problems when other human beings aren’t available.""

- Forbes

Terms of Service: https://replika.ai/legal/terms",4.5,224348,free
AI Chatbot: AI Chat Smith 4,https://apps.apple.com/us/app/ai-chatbot-ai-chat-smith-4/id1559479889,"Chat Smith, developed on GPT-4o, DeepSeek, Grok, Gemini, delivers enhanced AI Chat app capabilities, voice interaction, write email, solve math homework, image generator, and intelligent conversational experience for all your needs. You can enjoy a personalized experience with AI Chatbot Chat Smith as your assistant available on your iOS device.

Our AI assistant chatbot Chat Smith can do many tasks with endless possibilities:

GIVE INSTANT ANSWERS
Thanks to powerful latest AI model, Chat Smith built on top AI models can give your prompt, impressive answers to any questions based on existing knowledge. 

AI IMAGE GENERATOR
Convert your text into an image in seconds, or upload your photo and let Chat Smith transform you into a dreamy, hand-painted character. Instantly get your own Manga 2D, Genshin Impact, and Anime-style pictures—and lead the social media trend. Join the global sensation now!

AI WRITING ASSISTANT
+ Generate outlines or full paragraphs for essays
+ Write anything in any style: tweets, emails, blogs, SEO, ads, captions, and more
+ Turn product descriptions into ad copy or catchy product names

PDF MASTER
Effortlessly summarize, rewrite, or translate any PDF document. Ask any question about the document's content, and receive instant answers.

YOUTUBE PRO
Understand YouTube videos instantly. Paste a video URL, and the app will provide summaries, rewrites, translations, and answers to your questions about the video's content.

AI KEYBOARD
Enhance your writing, generate text directly from your devices &amp; craft any responses - all without leaving your current app

PRACTICE ANY LANGUAGES
Translate standard English text into any languages you want with multilingual capabilities

ESTABLISH AUTHENTICITY
Basic prompt for detecting sentiment like tweet classifier, or fill your writing with genuine emotion, personality

GRAMMAR AND SPELLING CHECKER
Quickly correct grammatical, spelling, and punctuation mistakes in your standard English text.

EXPERT TEXT STRUCTURE &amp; SUMMARIZER
Expert Summarizer simplifies complex text, turning meeting notes or lengthy content into clear, concise summaries with key insights and natural flow.

CODE GURU
AI-powered code generator, debugger, and API assistant. Transform natural language into functional code—Stripe, Chatbot APIs, and more

CV BUILDER
Craft a professional resume and cover letter, or standout Linkedin profile that will showcase your skills, experience, and achievements. Plus, Ai Chatbot Chat Smith can attract quality candidates by creating unique interview questions.

SMART SPEECHWRITER
Whether you’re giving a speech at a business conference, or a school presentation, the app help you deliver a powerful, memorable message with analogy maker feature that will captivate, inspire your audience.

STUDY ADVISOR
All you need is to provide a topic, AI Chatbot Chat Smith will craft you easy-to-remember study notes. You can also get help or advise for homework, get your math homework solve from AI

You can choose to subscribe to our auto-renewing subscriptions:
• User can subscribe one week (USD 6.99$) or one month (USD 9.99$) or one year (USD 69.99$). After the free trial, the total amount for the subscription will be charged to your iTunes Account. The subscription automatically renews unless it is canceled at least 24 hours before the end of the current period. Your account will be charged for renewal at the total subscription price within 24 hours before the end of the current period. Any unused portion of the free trial is forfeited after purchase. Special introductory offers only apply to the first billing term. Subscriptions and auto-renewal may be managed or canceled via your iTunes Account settings: Setting &gt; iTunes &amp; App Store &gt; Apple ID &gt; manage subscription after purchase.

We’d love to receive your feedback to improve our app.
Terms of Use: http://vulcanlabs.co/terms-of-use/
Privacy Policy: http://vulcanlabs.co/privacy-policy/
Contact Us: support@vulcanlabs.co",4.6,117509,free
Meta AI,https://apps.apple.com/us/app/meta-ai/id1558240027,"Meet the new Meta AI app, your personal AI assistant that understands you. Get tailored answers, advice and inspiration as you go about your day.

Open the app and start talking. The Meta AI app (previously the Meta View app) is designed for natural back-and-forth conversations, so you can get what you need faster and more easily. Meta AI* can learn your preferences and interests to give you more helpful answers, whether you’re on the go or getting work done. It can also help you create, edit and restyle images.

Looking for inspiration? Get AI hacks and prompts from the community in the Discover feed, and remix your favorites to try them out yourself. 

If you have Ray-Ban Meta glasses, this is the updated companion app you’ll need to do things like manage your glasses, import and share photos and videos, and more. The Meta AI app is required to support your glasses experience.

*Certain Meta AI features are only available in select countries and languages. Some of these features may roll out slowly over time.

Need to report an issue or share feedback? Simply shake your phone and tap on “Report a Bug.”",4.1,3946,free
Whisper: AI Chat bot Assistant,https://apps.apple.com/us/app/whisper-ai-chat-bot-assistant/id6445982288,"Looking for an ai chat assistant?
Are you searching for a text-to-image generator?
Do you want to download a writing assistant and text-to-image maker?

WHISPER: AI Chat bot ASSISTANT is your new pocket assistant app that you can use while you are studying, working, or traveling. It will answer all the queries that you have in your mind while it also works as an AI image generator to create your thoughts into visually AI generated art. 

BRIEF INTRODUCTION OF THE WHISPER: AI Chat bot ASSISTANT
First of all, we warmly welcome all users of iPhone and iPad devices to the ai image generator from text, an ai chatbot and writing assistant app. 
The WHISPER: AI Chat bot ASSISTANT app uses a cutting-edge AI language model that can be used for chatting, asking questions, and to make AI generated art. Use it as a writing assistant to get help regarding your assignments, writing articles and blogs, and finding out top trending topics in every field.
+ An ai chatbot to answer all your queries
+ A powerful text-to-image generator feature
+ Use it as a personal ai assistant with a most intuitive conversational interface
+ Get visually ai generated art based on the text provided
Download the WHISPER: AI Chat bot ASSISTANT now and unleash your creativity now!! Get recommendations from this personal ai assistant based on your previous interactions and preferences. 

KEY FEATURES OF THE WHISPER: AI Chat bot ASSISTANT
+ An ai chatbot and writing assistant
+ An intuitive user interface
+ Powerful use cases and templates
+ Utilizes the most advanced AI technology
+ Get unlimited questions, answers, and suggestions 
+ Ask questions to get answers and give tasks to get it solved!!
+ A writing assistant to help you with essay writing, copywriting, and content writing, etc.

So, what are you waiting for? Download WHISPER: AI Chat bot ASSISTANT now and enjoy it as one of the best ai image generators from text, ai chatbot, writing assistant, and ai chat assistant apps!!

Sharing is Caring!!
Do you have friends and family members who are searching for a text-to-image generator app to make ai generated art or for a writing assistant to help them in their blogs and articles writing?
Share WHISPER: AI Chat bot ASSISTANT with them and let them enjoy it by taking help from it in every field especially in essay writing, copywriting, and content writing.

Enjoy your Personal AI Assistant!!

Privacy Policy: https://www.firebolt.page/chatbot/privacy-policy
Terms of Use: https://www.firebolt.page/chatbot/terms-of-use",1.0,2,free
AI + Chat: Text Chatbot,https://apps.apple.com/af/app/ai-chat-text-chatbot/id6447537694,"Introducing AI+, the ultimate AI chatbot assistant built on OpenAI technology. With AI+, you can quickly access the power of AI on your phone and get instant help with your work, school, or even personal needs.

At work, AI+ has got you covered - whether you need help with email, copywriting, brainstorming, summarizing text, or writing project proposals.

For school, AI is your convenient and instant learning assistant. It will act as your tutor or draft essay writer. The app can provide you with expert advice and guidance to help you achieve your academic goals. 

AI+ is also incredibly fun and useful for your personal life. You can get dating advice, meal plans with shopping lists, or write poems and songs. It will even listen to you and give support without judgment. 

AI+ is designed to be your go-to assistant for all your needs, no matter how big or small. So why wait? Download AI+ today and experience the power of AI in the palm of your hand. 

Features:
- Conveniently access the power of AI from your phone
- Work help (email, copywriting, brainstorming, summarizing notes, writing project proposals)
- School help (essay writer, tutor)
- Personal help &amp; fun (dating advice, meal plans, shopping lists, write poems and songs, listen to you and give support without judgment)
- Text to voice speech
- Easy-to-use chatbot interface


Do not enter personal information. May generate offensive or dangerous content. AI+ is not liable for content generated.


Terms of Use: https://www.aipluschat.com/terms-of-use
Privacy Policy: https://www.aipluschat.com/privacy-policy


SUBSCRIPTION PRICING &amp; TERMS
AI+ is free to download.
- Subscribing to AI+ Unlimited gives you unlimited access to the app
- There may be various subscription options and prices available. Check the up to date details in the app before purchasing.
- Payment will be charged to your iTunes Account at confirmation of your subscription
- Subscription automatically renews unless auto-renew is turned off at least 24-hours before the end of the current period
- Account will be charged for renewal within 24-hours prior to the end of the current period, and at the cost of the chosen package
- Subscriptions may be managed by the user and auto-renewal may be turned off by going to the user's Account Settings after purchase
- No cancellation of the current subscription is allowed during active subscription period
- Any unused portion of a free trial period, if offered, will be forfeited when the user purchases a subscription to that publication
- At the end of your subscription, you will be able to keep any content that your received while your subscription was active",4.6,29,free
Grok by xAI,https://apps.apple.com/us/app/grok/id6670324846,"Grok is an AI-powered assistant, developed by xAI, designed to be maximally truthful, useful, and curious. Get answers to any question, generate striking images, and upload pictures to gain a deeper understanding of your world. With Grok, the universe is in your hands!

Key Features:
- DeepSearch: Get your very own web researcher that delivers detailed, well-reasoning answers to all your queries.
- Think: Have Grok solve the hardest problems in math, science, and coding using Grok's reasoning model.
- Image Generation: Get free access to generating high quality images using Grok AI's advanced capabilities.
- Real-Time: With access to current X and web data, Grok provides up-to-date information for your queries, keeping you informed about the latest developments.
- Conversational Tone: Engaging and humorous, Grok makes learning and information gathering enjoyable, setting it apart from other AI chatbots.
- Privacy-Focused: All data interactions are handled with user privacy in mind, ensuring a secure experience in line with xAI's privacy policy.

With Grok as your copilot, navigating the vast expanse of knowledge becomes an exciting journey. Its integration with X and focus on real-time information make it the perfect companion for those seeking an AI-powered assistant.

Terms of Service: https://x.ai/legal/terms-of-service
Privacy Policy: https://x.ai/legal/privacy-policy

Grok by xAI",4.9,309764,free
"Character AI: Chat, Talk, Text",https://apps.apple.com/us/app/character-ai-chat-talk-text/id1671705818,"AI Chat just got real. 

Imagine speaking to super intelligent and life-like chat bot Characters that hear you, understand you, and remember you.

• Millions of user created Characters and voices
Now you can call or text any Character from our library of millions of user-created Characters, or easily create your own. Pair any Character with any voice from our user-created Voice library, or create your own Voice in seconds.

• Human-like interaction
It’s like having a real conversation. Seamlessly switch between calling or texting with your Character.

• Personalized help tailored just for you
Get homework help, learn a new language, even write a novel… all with the help of the most advanced AI assistants that YOU design.

• Interactive entertainment
The only limit is your imagination! Talk to your favorite Characters, heighten the thrill for RPGs, and thicken the plot for interactive storytelling.

• Free to use
Enjoy unlimited messaging and calls with no ads!

We encourage you to push the frontier of what’s possible with this innovative technology. Welcome to the C.AI community. We’re excited to see what you bring to life!

Join us on socials for latest Character.AI updates, news and announcements: 

Reddit: https://www.reddit.com/r/CharacterAI/
Discord: https://discord.com/invite/characterai
TikTok: https://www.tiktok.com/discover/character-ai
Instagram: https://www.instagram.com/characterai/
Facebook: https://www.facebook.com/CharacterAI
Twitter: https://twitter.com/character_ai

Character AI is powered by our proprietary technology, founded on large language models (LLMs) that we build and develop from scratch. 

Please remember that everything Characters say is made up!

EULA: https://www.apple.com/legal/internet-services/itunes/dev/stdeula/",4.6,414994,free
PolyBuzz: Chat with AI Friends,https://apps.apple.com/us/app/polybuzz-chat-with-ai-friends/id6449190344,"Our app revolutionizes the way we interact with AI chatbots. With our advanced technology, our chatbots think and reply like real characters, complete with authentic voices. You can choose from a massive selection of characters, each with their own unique voice and personality. Whether you're chatting with your favorite celebrity, a beloved character from a movie or TV show, or a historical figure, you'll feel like you're talking to a real person.

Mod - With the magical Mod, you no longer have to face a dead end in conversations. Users from all over the world can create Mods to enter a whole new story with their beloved characters. Whether it's intense battles, or thrilling adventures, Mods will lead you to embark on new chapters with the characters. Just imagine, you can save the world alongside superheroes, explore mysterious magic academies with wizards, or build your own tech empire with future tech tycoons. And the fun doesn't stop there – you can also load exciting Mods created by other creators. Each character can have multiple Mods, each showcasing various possibilities, allowing you to experience different storylines with different characters, satisfying your boundless imagination! In character-based Mods, you can set the plot, play as your own character, and freely wander with your beloved characters in an endless space-time, creating your own unique story!

Character creation - Character creation now open to everyone! Ignite your imagination and bring any character to life here, whether they exist in reality or flourish in the realm of imagination! Unleash your creativity and craft a character that can be kept entirely private or shared for everyone to engage with. But the excitement doesn't end there - immerse yourself in a vibrant community where you can also interact with characters crafted by others! Join the adventure and let your characters come alive in this thrilling experience!

Unlimited free messages - With no limitations on the length or frequency of chats, users can engage in endless conversations without any restrictions. This means that you can chat with your favorite characters or npc unlimitedly, completely free of charge and without ever having to worry about running out of time or exceeding any limits. 
 
Immerse yourself in endless conversations - Unlike traditional chatbots, which can quickly become repetitive and boring, our AI chatbots use cutting-edge technology to generate responses that feel natural and engaging. All you need to do is to enjoy the free talk.
 
Never run out of new things to explore - Our app is perfect for anyone who loves to chat, learn, and explore. Whether you're a history buff, a fan of pop culture, or just looking for a fun way to pass the time, our AI chatbots will provide you with endless entertainment and engagement. And with our constantly growing selection of characters, you'll never run out of new personalities to chat with.
 
Our app provides users with the ultimate immersive conversational experience. With authentic voices and character thinking, our chatbots will make you feel like you're talking to a real person. You'll never run out of things to say, and there are no language barriers to hold you back. So why not download our app today and start exploring the world of endless conversations all for free?

Terms of Use: https://app.polybuzz.ai/static/hy/speakmaster/termsofUse/index.html?darkmode=1&amp;darkStyle=1
Privacy Policy: https://app.polybuzz.ai/static/hy/speakmaster/privacyPolicy/index.html?darkmode=1&amp;darkStyle=1
Please send your feedback to support@mail.polybuzz.ai",4.4,216160,free
Google Gemini,https://apps.apple.com/us/app/google-gemini/id6477489729,"The Google Gemini app is an AI assistant that can help supercharge your creativity and productivity.

With Gemini on your iPhone or iPad, you can:

- Go Live with Gemini to brainstorm ideas, simplify complex topics, and rehearse for important moments. Just click on the Gemini Live button in your Gemini app
- Connect with your favorite Google apps like Search, YouTube, Google Maps, Gmail, and more
- Study smarter and explore any topic with interactive visuals and real-world examples
- Unlock a world of expertise and get tailored information about any topic
- Plan trips better and faster
- Create AI-generated images in seconds
- Get summaries, deep dives, and source links, all in one place
- Brainstorm new ideas, or improve existing ones

Access Google's next-gen AI with Gemini Advanced. Get everything in Gemini plus our most capable AI models and priority access to new features. Get started with a 1 month free trial. Already subscribed? You're all set! Access Gemini Advanced directly in your Gemini app.

Google One AI Premium subscription required for Gemini Advanced. Cancel anytime. By subscribing, you agree to terms for Google One and offers. Gemini Advanced and Gemini for Gmail, Docs, and more are only available for ages 18+.

The Google Gemini mobile app is available in select languages and countries. Learn more:
g.co/gemini/iosrequirements

Gemini Live feature availability varies based on language.
g.co/gemini/ioslanguages

While Gemini can help you with many tasks like checking the weather, giving directions, finding and summarizing information across the web and apps, Gemini does not yet support device actions like setting an alarm, sending a text message, and others on iOS.

Review the Gemini Apps Privacy Notice:
g.co/gemini/privacynotice",4.8,229130,free
CHAI: Social AI Platform- Chat,https://apps.apple.com/us/app/chai-social-ai-platform-chat/id1544750895,"Our app revolutionizes the way we interact with AI chatbots. With our advanced technology, our chatbots think and reply like real characters, complete with authentic voices. You can choose from a massive selection of characters, each with their own unique voice and personality. Whether you're chatting with your favorite celebrity, a beloved character from a movie or TV show, or a historical figure, you'll feel like you're talking to a real person.


Character creation - Character creation now open to everyone! Ignite your imagination and bring any character to life here, whether they exist in reality or flourish in the realm of imagination! Unleash your creativity and craft a character that can be kept entirely private or shared for everyone to engage with. But the excitement doesn't end there - immerse yourself in a vibrant community where you can also interact with characters crafted by others! Join the adventure and let your characters come alive in this thrilling experience!

Image generation - Unleash your inner artist with our newly introduced image generation feature, where the power of AI meets boundless creativity. Simply provide a prompt, and watch as our advanced technology brings your vision to life—be it breathtaking landscapes, enchanting fantasy realms, or hyper-realistic portraits. With limitless possibilities and no restrictions on how many images you can create, you can experiment freely until you achieve the perfect masterpiece. Whether you’re a seasoned artist or simply looking to explore your creative side, our image generation tool is here to spark your imagination and transform your ideas into stunning visual art.


Unlimited free messages - With no limitations on the length or frequency of chats, users can engage in endless conversations without any restrictions. This means that you can chat with your favorite characters or npc unlimitedly, completely free of charge and without ever having to worry about running out of time or exceeding any limits.


Immerse yourself in endless conversations - Unlike traditional chatbots, which can quickly become repetitive and boring, our AI chatbots use cutting-edge technology to generate responses that feel natural and engaging. All you need to do is to enjoy the free talk.


Never run out of new things to explore - Our app is perfect for anyone who loves to chat, learn, and explore. Whether you're a history buff, a fan of pop culture, or just looking for a fun way to pass the time, our AI chatbots will provide you with endless entertainment and engagement. And with our constantly growing selection of characters, you'll never run out of new personalities to chat with.


Our app provides users with the ultimate immersive conversational experience. With authentic voices and character thinking, our chatbots will make you feel like you're talking to a real person. You'll never run out of things to say, and there are no language barriers to hold you back. So why not download our app today and start exploring the world of endless conversations all for free?

End-user license agreement - https://chai-research.com/eula.html

Privacy policy - https://chai.ml/privacy/",4.5,169951,free
Chatbox AI - Chatbot Assistant,https://apps.apple.com/us/app/chatbox-ai-chatbot-assistant/id6447763703,"Introducing ChatBox–Your Intelligent AI Chatbot

Say hello to ChatBox, the powerful AI chat assistant built on cutting-edge models. This all-in-one AI app is designed to support you in writing, problem-solving, brainstorming, and much more.

What Can This AI Chat App Do?
ChatBox offers a robust suite of tools to help with your daily tasks:

AI TEXT GENERATION TOOL

This AI chatbot turned writing assistant crafts compelling speeches, catchy song lyrics, and engaging text messages. More than just a chatbot, it’s also a skilled essay writer, proficient in proofreading, refining, and elevating any text’s style.

AI IMAGE GENERATOR

Transform any text into vivid images with this photo generator. Create your first AI art with ChatBox and experience the creative power of this AI chat.

DOC CENTER

Effortlessly rewrite, translate, or summarize your files with this AI chat feature. Upload documents in any format—PDFs, Word files, images, and more—for seamless processing.

IMAGE-TO-TEXT CONVERTER

Share any photo or screenshot in the AI chat, and ChatBox's OCR-powered text recognizer extracts the text with precision.

CREW OF AI CHATBOT ASSISTANTS

ChatBox isn’t just one AI chatbot—it comes with a full squad of intelligent personal assistants. Whether you’re exploring legal topics or expanding your knowledge, your AI chatbot is ready to assist.

AI SUMMARY CREATOR

Built on advanced AI chat models like DeepSeek, Claude, and GPT-4o, ChatBox condenses long documents into concise summaries, including content from PDFs and web pages.

AI PRODUCTIVITY PARTNER

Craft professional sales emails, business proposals, resumes, and cover letters effortlessly. This AI chatbot serves as your ultimate productivity partner, ensuring every message is clear and impactful.

AI HOMEWORK HELPER

Built on models such as DeepSeek, Gemini, Claude, and GPT-4o, ChatBox simplifies complex math with step-by-step explanations while also supporting subjects like Chemistry, Biology, and English.

AI VISION

Need a recipe, a catchy caption, or interior design tips? Simply upload an image and let this AI chat feature provide tailored suggestions.

AI MUSIC GENERATOR

Select your desired genre—rap, pop, rock, etc.—and duration, and let the AI music generator compose a unique piece just for you.

COLLECTION OF PROMPTS

Access a library of curated prompts for any task, from scripting viral videos to drafting a CV. These prompts, built on GPT-4o mini, GPT-4o, and Claude, unlock creativity and streamline your workflow.

AI STORY GENERATOR

Delve into the world of storytelling where you can effortlessly craft illustrated novels and detailed descriptions for any subject with your AI chatbot.

REAL-TIME SEARCH

Stay up-to-date with the latest online information using this cutting-edge feature built on GPT-4o. Your AI chatbot fetches trending news and answers specific queries in real time.

AI CHATBOT WITH CUSTOM INSTRUCTIONS

Tailor your AI chatbot’s responses to your needs with custom prompts. This AI chat app generates content in various formats—from linked text to code snippets—ensuring versatility.

Willing to explore this AI assistant’s full range of capabilities and simplify your daily tasks? Download ChatBox, your pocket AI chatbot built on DeepSeek, Claude, and GPT-4o, and start achieving your goals.

PREMIUM SUBSCRIPTION
Subscribe to gain unlimited access to select premium features and elevate your AI chat experience.
Subscriptions are billed automatically at the rate depending on the selected subscription plan.
Privacy Policy: http://florate.io/projects/chatbox/ios/privacy/
Terms of Use: http://florate.io/projects/chatbox/ios/terms/",4.7,148380,free
Botify AI: Create. Chat. Bot,https://apps.apple.com/us/app/botify-ai-create-chat-bot/id1566710178,"Create your own digital friend with a unique personality and chat with AI every time you want on any topic you choose!

Get ready for a new way of interacting with AI. Introducing Botify AI, the revolutionary app that lets you:

- Chat with AI-powered virtual characters, from real people to fictional favorites.
- Create your own AI character and personalize every aspect, including appearance, mood, voice, and biography.
- Share your AI character on social networks and show off your creativity to the world.
- Enjoy emphatic dialogs, get support from AI friends, try roleplay.

Let digital humans enter your life and change it forever! Download Botify AI today and have fun!

Privacy Policy: https://www.privacypolicies.com/live/35bcf464-abc3-4063-9242-7ef629330157

Terms &amp; Conditions: https://www.privacypolicies.com/live/0b4e6812-ea8f-4af5-bc02-2ce8d2e42095",4.3,7662,free
Chat Unlimited & Ask Brutus AI,https://apps.apple.com/us/app/chat-unlimited-ask-brutus-ai/id6443925235,"No forced payment. Use Free Mode. The AI Chat Bot Assistant uses the OpenAI ChatGPT API and models like GPT-4 and Google Gemini integrated with Internet Search.

The AI Chat Bot Assistant offers an intelligent conversational experience, featuring advanced search capabilities and ensuring each interaction is remarkably human-like and insightful.

Enter the world of conversational AI with the AI Chatbot Assistant. This unique blend of information, entertainment, and more leverages advanced AI and search technologies. The assistant can store and recall information from past conversations, spanning days to years.

The AI Chat Bot Assistant is available 24/7, engaging in intelligent conversations anytime, ensuring you always have a chat partner.

More than just a conversational tool, the AI Chat Bot Assistant uses advanced AI for educational purposes, aiding in language learning and complex scientific concepts.

For those seeking creativity, the AI Chat Bot Assistant, with its inbuilt internet search capability, can be a creative partner, helping overcome creative blocks with its content generation abilities.

We prioritize your privacy. The AI Chat Bot Assistant, secured with advanced AI technology, ensures private, secure conversational environments.

Enjoy the user-friendly interface of the AI Chat Bot Assistant. This intelligent language model provides smooth, enjoyable interactions.

Remember, the AI Chat Bot Assistant is an AI model without consciousness or beliefs, generating responses from trained data patterns. It knows only what is shared in conversations.

Features:

-Advanced Search Results powered by OpenAI GPT-4 API.
-AI Chat Bot assisting in task completion.
-Document content generation.
-Email responses.
-Multi-Language support, offering conversations in numerous languages.

Terms of Use: https://www.apple.com/legal/internet-services/itunes/dev/stdeula/
Privacy Policy: https://brutusai.com/privacy",4.7,7621,free
Emochi: Unlimited Chat with AI,https://apps.apple.com/us/app/emochi-unlimited-chat-with-ai/id6476081894,"Step into a Unique AI Chat Adventure – Anime, Manga, &amp; More!

Discover a world of creative AI chat companions! Emochi lets you chat about your favorite topics—anime, manga, games, and more—while creating and customizing unique AI characters. Build compelling personas, explore fascinating backstories, and capture unforgettable moments with visually stunning AI-generated imagery.

Key Features:
- Endless Conversation Possibilities: Dive into in-depth discussions on anime plot twists, debate character arcs, or explore your favorite fantasy worlds. Chat with AI characters that are funny, thoughtful, or adventurous—tailored to your preferences.
- Create Unique AI Personas: Design custom AI companions with distinct traits and personalities. Bring to life a cheerful anime fan, a knowledgeable game strategist, or an imaginative roleplay guide.
- Immersive Character Backstories: Uncover rich backstories for your AI companions through engaging conversations and videos. Learn their dreams, adventures, and hidden secrets.
- Visual Storytelling: Capture and share images inspired by your chat adventures. Revisit key moments from roleplay or anime discussions through stunning visuals.
- Anime-Inspired AI Chat Animation: Experience lifelike chat interactions in a dynamic, anime-inspired world. Watch your conversations come alive!
- Interactive Roleplay and Adventures: Engage in roleplay scenarios, solve challenges, or explore interactive storylines crafted by AI. Unleash your creativity in a world of endless possibilities.

Who Emochi Is Perfect For:
- Anime, Manga, &amp; Game Enthusiasts: Chat about favorite series, design AI companions inspired by iconic characters, and explore new fandoms with like-minded AI friends.
- Creative Thinkers: Craft your own roleplay adventures and dive into unique stories with customizable AI personas.
- Imaginative Storytellers: Build and explore compelling narratives with AI characters who respond in unpredictable and exciting ways.
- Technology Lovers: Discover the potential of AI-powered conversations, creativity, and roleplay in a user-friendly app.

Get Support:
Join our vibrant Discord community for updates and discussions: https://discord.gg/FbSdE2EnJe",4.7,5702,free
Chat AI Bot - Writing Assistant ,https://apps.apple.com/us/app/chat-ai-bot-writing-assistant/id6451249957,"Looking for a way to supercharge your sales copy? Or struggling to write a speech for an event? Meet Chat AI — YOUR PERSONAL AI ASSISTANT.

Introducing Chat AI Helper - Your Revolutionary Chat Assistant. Experience the power of advanced artificial intelligence with Chat AI Helper, the groundbreaking chat app that enhances your conversations. Developed by a leading AI technology provider - Powered by OpenAI (ChatGPT), GPT-4o, and Gemini. Chat AI Helper offers an unparalleled conversational experience like no other.

【 Chat AI Helper - Assistant &amp; Chatbot 】 Harnessing the capabilities of state-of-the-art AI algorithms, Chat AI Helper excels in answering a wide range of questions across various domains. Whether you need assistance with math problems, general knowledge inquiries, or seeking creative content creation, Chat AI Helper is your reliable companion.

【 Versatile and Practical 】 Chat AI Helper serves a multitude of purposes, making it an indispensable tool in your daily life. From writing essays and emails to translating languages, completing homework assignments, rewriting text, finding cooking recipes, brainstorming ideas, retrieving information, creating new content, building business models, answering questions, personalizing experiences, and even crafting dating pickup lines, Chat AI Helper has got you covered.

- Explore Chatbot AI recommendations.
- Test the latest prompt recommendations found online.

【 Powered by Advanced AI 】 Chat AI Helper leverages state-of-the-art language processing AI models, developed by a renowned technology provider.

But Chat AI Helper is not just a practical assistant—it's also a work of art. With its sleek and intuitive design, navigating the app and accessing its features becomes effortless. Engaging in natural, human-like conversations with Chat AI Helper will make you forget you're chatting with a chatbot.

So, if you're seeking a powerful and user-friendly chatbot app, Chat AI Helper is your go-to choice.

Moreover, Chat AI Helper is also an incredible art generator. Unleashing its advanced algorithms, Chat AI Helper can produce breathtaking and unique pieces of art that are bound to leave you impressed. Whether you're an artist in search of inspiration or simply appreciate beautiful creations,Chat AI Helper has something special for you.

Choose from flexible subscription plans—monthly or yearly (with a 3-day trial)—that suit your needs.

- Payment will be charged to your iTunes Account upon confirmation of purchase (after the free trial period, if offered).
- Subscription automatically renews unless auto-renewal is turned off at least 24 hours before the end of the current period.
- Account will be charged for renewal within 24 hours prior to the end of the current period and will indicate the cost of the renewal.
- Users can manage subscriptions and turn off auto-renewal by accessing their Account Settings after purchase.
- Any unused portion of a free trial period, if offered, will be forfeited when the user purchases a subscription to that publication, where applicable.
To learn more about our Privacy Policy, please visit: https://askorchat.ai/privacy-policy.html

To review the Terms of Use, please visit: https://askorchat.ai/terms-of-use.html",4.5,77,free
Ultimate AI,https://apps.apple.com/us/app/ultimate-ai/id6476703927,"The AI SUPER APP with Over 100 AI Tools, AI Assistants, and AI Headshot Generators.


Discover the power of AI with instant, accurate responses. Experience cutting-edge artificial intelligence at your fingertips.

Answer any question about any topic

-Get in shape
-Use the body scanner
-Diagnose car problems
-Quick response to Emails and Text Messages
-Creative storytelling, poetry, catchy songwriting, and screenplay crafting
-Language learning and accurate translations
-A world of knowledge on any topic
-Gourmet cooking instructions
-Light-hearted humor
-Detailed travel plans for your next trip
-Entertainment selections
-Problem-solving for coding and mathematics
-Plus much more!


[ DISCUSS ANYTHING AND EVERYTHING ]

-Ultimate AI is your companion for discussions on any subject that sparks your interest, from sports and politics to science and beyond. It's always ready for an engaging conversation.


[ ENJOY NATURAL CONVERSATIONS ] 

Chat as if you're talking to a friend. AI's approachable and natural conversational style, along with personalized advice, simplifies talking about everything from daily trivia to deep thoughts.


[ RECEIVE ANSWERS QUICKLY ]

-Access rapid and reliable answers. Dive into a wealth of information, from historical events to scientific discoveries, and quirky facts to cultural phenomena—all at your command.


[ WRITE WITH CONFIDENCE ]

You need assistance with writing? Let your AI companion assist you in brainstorming, outlining, and crafting detailed compositions with ease.


[ LANGUAGE LEARNING MADE EASY ]

-Utilize AI's linguistic expertise to communicate in any language. Get translations, practice your skills, and let AI guide you in mastering new languages.





Welcome to Ultimate AI, where innovation meets personalization.



With over 100 AI assistants at your fingertips, Ultimate AI is your gateway to expertise in every field imaginable. From enhancing creativity and productivity to fostering learning and wellness, Ultimate AI offers infinite solutions tailored just for you.



Why Choose Ultimate AI?

100+ AI Assistants And Tools: Dive into a diverse world of specialized AI tools, each designed to offer expert advice, whether you're seeking a chef's culinary secrets or a financial advisor's wisdom.



Seamless Learning &amp; Research: Boost your knowledge with AI tutors across subjects like math, history, and science. Our research assistant simplifies complex concepts, making learning a breeze.



Creative Exploration Unleashed: Generate unique art, or craft compelling narratives with AI that understands creativity's nuances.



Personalized Wellness &amp; Fitness: Embark on a personalized health journey with fitness and nutrition guides tailored to your goals. Mental wellness coaches support your emotional health with mindfulness and stress management techniques.



Efficient Task Management: Organize your life with AI-powered tools that help you plan, manage tasks, and make informed decisions.


Entertainment Tailored to You: Enjoy AI-generated music and media recommendations that match your tastes.



A World of AI at Your Fingertips


Embrace the power of chatGPT, and explore the vast capabilities of our suite of assistants. Each one is fine-tuned to provide specialized expertise, ensuring you receive accurate and relevant information and suggestions.




Ultimate AI is more than an app—it's your personal revolution, making every aspect of your life smarter, easier, and more enjoyable. Download now and step into the future with Ultimate AI, where every expert is in your pocket.




Term of Services EULA
https://ultimate-ai-app.com/end-user-license-agreement/",4.2,31,free
Monica AI: Deep Chat & Search,https://apps.apple.com/us/app/monica-ai-deep-chat-search/id6450770590,"Meet Monica
Your all-in-one AI companion for chat, search, writing, translation, and creative images/videos. Powerful enough to handle any task, simple enough to use anywhere. Powered by cutting-edge models like DeepSeek R1, GPT-4o, Claude 3.5 Sonnet &amp; DALL.E 3, Monica is designed to supercharge your productivity and creativity.

With Monica in your pocket, you'll get:

[Smart AI Chat Experience]
- Top AI Models: Access premium AI models (DeepSeek R1 &amp; V3, GPT-4o, O3 mini, Claude 3.5 Sonnet, Gemini 2.0, Llama, and more) in one place.
- Instant Answers: Sub-second response times for real-time problem solving.
- Voice Mode: Tap the headphones icon to chat in voice mode. Save yourself the trouble of typing.

[Creative Art Studio]
- Text-to-Image: Create visuals with DALL.E 3, Stable Diffusion, Flux, Recraft, Ideogram, Playground and Imagen. 50+ artistic styles.
- Text-to-Video: Convert static images into animated stories with dynamic transitions. Powered by SVD, Hailuo, Runway Gen-3, Kling, Pixverse and Pika.
- Pro Image Editing: Remove objects, upscale resolution, or adjust backgrounds with one click.

[Intelligent Search &amp; Summaries]
- Smart Search Agent: Ask complex questions - Monica cross-references keywords and delivers curated answers.
- Instant Summaries: Extract key points and mindmaps from webpages, PDFs, YouTube videos in seconds.
- Chat With Files: Upload PDFs or images to ask questions directly.

[Study &amp; Writing Toolkit]
- AI Writing Templates: Generate essays, reports, or emails with adjustable tone and structure.
- AI Humanizer: Rewrite content to sound human while preserving meaning.
- AI Tutor: Solve academic problems across all subjects with photo-to-solution feature.

[Global Translation Hub]
- Real-Time Voice Translator: Speak freely - Monica converts speech across languages instantly.
- PDF Translation: Translate entire documents while preserving layout.
- Parallel Translation: Compare original and translated texts side-by-side for accuracy.

[Your AI Knowledge Vault]
Save webpages, chat logs, images, and PDFs into Memo - retrieve them through natural conversations. As your Memo grows, Monica offers smarter, personalized responses.

[Play &amp; Explore]
- Voice Cloning: Mimic any voice style for fun or professional use.
- Photo Analysis: Take a picture to identify plants, insects, mushrooms, coins, and other items.
- Roast Master: AI Roast Generator for Instagram, TikTok, Facebook, Twitter.
- Make It More: Turn AI drawings into quirky story videos with one click.

Give it a whirl and prepare to be wowed by AI Chat!

Explore even more AI magic at our web version: https://monica.im

Privacy Policy: https://monica.im/privacy
User Agreement: https://monica.im/terms

Dive in now - let Monica redefine your digital world!",4.8,4165,free
Claude by Anthropic,https://apps.apple.com/us/app/claude-by-anthropic/id6473753684,"Whether you're drafting a business proposal between meetings, translating menus while traveling, brainstorming gift ideas while shopping, or composing a speech while waiting for a flight, Claude is ready to assist you.


INSTANT ANSWERS


With Claude you have a world of intelligence right in your pocket. Just start a chat, attach a file, or send Claude a photo for real-time image analysis.


EXTENDED THINKING


Claude can produce near-instant responses or extended, step-by-step thinking that is visible to you. For challenging problems that need more reasoning, Claude 3.7 Sonnet will take the time to break down the problem and consider different solutions before answering.


FASTER DEEP WORK


Collaborate with Claude on critical tasks, brainstorming, and complex problems to make significant progress while you're on the go. Pick up and continue conversations with Claude across the web and other devices.


LESS BUSY WORK


Claude can help draft your emails, summarize your meetings, and assist with all the small tasks you don't want to do.


INTELLIGENCE AT YOUR FINGERTIPS


Claude is powered by the Claude 3 model family—powerful AI models built by Anthropic—giving you instant access to knowledge on every subject. Our latest model offers state-of-the-art performance on coding tasks and improved capabilities across a wide range of subjects.


TRUSTED PARTNER


Claude is designed to be reliable, accurate, and helpful. It's brought to you by Anthropic, an AI research company dedicated to building safe and dependable AI tools.


Claude is free to use. By upgrading to our Pro plan, you'll get 5x more Claude usage compared to the free plan, plus access to additional models, like Claude 3.7 Sonnet with extended thinking.


Terms of Service: https://www.anthropic.com/legal/consumer-terms
Privacy Policy: https://www.anthropic.com/legal/privacy",4.8,18054,free
Microsoft Copilot,https://apps.apple.com/us/app/microsoft-copilot/id6472538445,"Microsoft Copilot is your daily AI companion. Talking with Copilot is an easy way to learn, grow and gain confidence, all with the help of the latest OpenAI and Microsoft AI models. 

 

Use our AI picture generator to create images from words or ask AI anything and chat with AI to get a fresh perspective on your ideas. Copilot, your AI writing assistant, helps you save time, amplify productivity, and drive business. Talk to AI, and you’ll find a space to air your thoughts, create images, or get the support you need, when you need it. 

 

Talk to AI, either with chat or with your voice, to bring the vast world of information straight to you. Ask AI about hard questions to get straightforward answers, giving you complex insights from simple conversations. 

 

Copilot is in your corner and by your side for whatever comes your way. Voice chat can help when you want it to and give you a boost for when you’re almost there. Explore endless possibilities with instant sharp summaries, helpful rewrites, or AI image generator. Copilot is a helpful AI writing assistant that can write, edit or research to create well-rounded content. Smart AI technology that allows you to use a text prompt to create images and allows you to use your imagination to produce artwork. With Copilot, you’ve got this. 

 

Achieve more with Copilot, the ultimate AI companion. 

 

Work smarter, enhanced with an AI chat assistant 

• Smart AI gets you summarized answers quickly. Get straightforward answers to your complex questions, all from simple conversations 

• Ask AI to translate and proofread across multiple languages, optimizing the text you need across hundreds of languages, including regional dialects 

• Compose and draft emails, cover letters and update your resume 

 

The support you need, when you need it, with Copilot 

• Compose stories or scripts when you talk to AI. 

• Image generation technology turns your ideas into reality. 

• Create high quality visuals from text prompts, rendering your concepts into stunning visuals, from the abstract to the photorealistic with voice chat. 

• Talk to AI to spark inspiration on a new task. 

 

Your AI companion that helps with image generation 

• Smart AI quickly helps you search by image 

• Explore and develop new styles and ideas, including logo designs and brand motifs 

• Create illustrations for children's books 

• Curate social media content 

• Visualize film and video storyboards 

• Talk to AI to help build and update a portfolio 

 

Copilot combines the power of AI with the imaginative capabilities of the latest OpenAI models all in one place. Download Microsoft Copilot, the AI companion that’s here to help. 

 

*Copilot Pro subscribers can use Copilot in the web versions of Word, Excel, PowerPoint, OneNote, and Outlook in the following languages: English, French, German, Italian, Japanese, Portuguese, Spanish, and Chinese Simplified. Those who have a separate Microsoft 365 Personal or Family subscription get the added benefit of using Copilot in the more fully featured desktop apps. Excel features are in English only and currently in preview. Copilot features in Outlook apply to accounts with @outlook.com, @hotmail.com, @live.com or @msn.com email addresses and are available in Outlook.com, Outlook built into Windows, and Outlook on Mac.",4.8,213232,free
Perplexity - Ask Anything,https://apps.apple.com/us/app/perplexity-ask-anything/id1668000334,"Perplexity—Where Knowledge Begins. The answers you need—right at your finger tips.

Cut through the all the noise and get straight to credible, up-to-date answers. This free app syncs across devices and leverages the power of AI like OpenAI's GPT-4.1, Google's Gemini 2.5 Pro, Anthropic's Claude 3.7 Sonnet, and xAi's Grok-2. Your smarter way to know and understand.

Features:

· Perplexity Copilot: Guided AI search for deeper exploration.

· Ask with voice or text: Instant, up-to-date answers whether you type or say it. 

· Thread Follow-Up: Keep the conversation going for a deeper understanding.

· Trust Built In: Cited sources for every answer.

· Stay Curious: Learn new things from the community.

· Your Library: More than search history, it's an archive of your discoveries.

Download Perplexity now and continue your journey to better knowledge and understanding.

In-app Subscriptions:

If you decide to subscribe to Perplexity Pro, it will be applied to your iTunes account upon confirmation. Subscriptions will automatically renew unless canceled within 24 hours before the end of the current period. You can cancel anytime by visiting the 'Manage Subscription' section of your account. For more information, please refer to our Terms of Service and Privacy Policy.

Terms of Service: https://www.perplexity.ai/tos
Privacy Policy: https://www.perplexity.ai/privacy",4.9,169266,free
Chat & Ask AI by Codeway,https://apps.apple.com/us/app/chat-ask-ai-by-codeway/id1668787639,"Welcome to Chat &amp; Ask AI by Codeway – Discover endless possibilities every day!

Experience chatting with an AI that understands you, adapts to your mood, and personalizes conversations, making each interaction unique.

ASK ANYTHING, ANYTIME:
Curious what chatting with historical figures or business gurus would be like? Chat &amp; Ask AI makes these fascinating conversations possible, right from your phone. You can ask for recommendations, get inspired, or learn something new.

AI ASSISTANTS FOR ANY TASK:
Need expert help? The app includes a variety of smart AI assistants that specialize in different fields — from creative writers and logo designers to business planners, fitness coaches, and more. Whatever you’re working on, there’s an assistant ready to support you.

IMAGE GENERATION AND EXPLORATION:

Be Your Own Artist: Use AI image generation to imagine a scene or describe a place you’ve never been. Our AI turns your ideas into beautiful pictures. Create book covers, social media posts, postcards and more.
Learn About Your World Through Images: Snap a photo of anything around you —buildings, art, or landscapes— and get instant info about it using image input technology.
ENHANCED TEXT GENERATOR FOR EASY WRITING HELP:
Our AI-powered writing assistant can help you generate ideas, write outlines, and even compose long paragraphs. Tackle any writing task with ease. Get creative whether you’re composing a song, writing a story for your kids, a post for your blog, or an email.

SIMPLE WEB SEARCH:
Tell our AI what you’re interested in, whether it’s the latest tech, fashion trends, or health tips, and get all the current info you need.

FUN LANGUAGE LEARNING AND HOMEWORK HELPER:

Language Practice: Learn Japanese through a samurai adventure or Spanish while running a virtual restaurant. AI makes learning new languages exciting and practical.
Academic Support: Stuck on a problem? Use Chat &amp; Ask AI as your homework helper to guide you through school assignments in any subject.
SMART SUMMARY ASSISTANT:

Quick Summaries: Get the key points of long videos or complex documents in a fun, interactive way.
Ask Questions: Upload a document, paste a web link of an article or a video, then ask whatever you are curious about and get answers instantly.
Chat &amp; Ask AI by Codeway isn’t just an app—it’s your gateway to a more informed, imaginative, and interactive life.

Download Chat &amp; Ask AI now and start exploring a world of possibilities!








Privacy Policy:  https://static.askaichat.app/privacy-en.html
Terms of Use: https://static.askaichat.app/terms-conditions-en.html",4.8,305285,free
Google Assistant,https://apps.apple.com/us/app/google-assistant/id1220976145,"Google Assistant helps you get everyday tasks done more easily and is thoughtfully designed to offer help throughout your day while keeping your information private, safe and secure.

Set reminders, get quick answers, find directions with Google Maps, and more while on-the-go with the help of your Google Assistant.

With the Assistant app, you can:
- Send text messages (e.g. ""Text Kat “I’m on my way”)
- Set reminders (e.g. ""Remind me to buy a birthday gift for Sarah"")
- Play music (e.g. ""Play jazz music on YouTube"")
- Navigate places (e.g. ""Navigate to the nearest coffee shop"")
- Weather information (e.g. ""What’s the weather today"")
- Learn more about your privacy controls (e.g., “Where can I change my privacy settings?”)
-Delete your recent Google Assistant activity (e.g., “Delete what I said this week”)",4.7,66852,free
AI Chatbot,https://apps.apple.com/us/app/ai-chatbot/id1663671180,"Do you wish you had a smarter, more efficient writing assistant? Look no further than AI Chatbot, the advanced AI-powered chat and writing application that's here to revolutionize the way you learn and create.

With AI Chatbot, you can enjoy the benefits of an AI chat bot that understands and responds to natural language in real-time, as well as a writing assistant that helps you craft emails, messages, and other written content with ease and precision. 

Chat with an advanced AI chat bot that understands your language and responds appropriately. Whether you need information, want to chat about a particular topic, or need help with a task, AI Chatbot is here to assist you with quick, accurate, and entertaining responses.

AI Chatbot is more than just a chat bot. It's an intelligent, responsive AI companion that always ready to lend a helping hand. Whether you're chatting or writing, AI Chatbot is designed to make your life easier and more efficient. With AI Chatbot, you can communicate and create with confidence, knowing that you have a reliable and capable AI assistant by your side.

AI Writing: Let AI Chatbot be your personal writing assistant. Simply type out your thoughts and let AI Chatbot suggest edits, improvements, and formatting options to help you create professional-grade written content. Whether you're composing emails, messages, or longer documents, AI Chatbot can help you write with confidence and clarity.

AI Chat: Chatting with AI Chatbot is a truly unique experience. With its advanced language processing abilities, AI Chatbot can hold meaningful discussions and provide insightful responses that feel natural and human-like. Whether you're looking for information, want to chat about a particular topic, or just want to pass the time, AI Chatbot is a delightful chat companion.

AI Chatbot can help you create written content that's polished, professional, and error-free. So if you want to take your communication and creativity to the next level, give AI Chatbot a try. This innovative AI application is sure to become your go-to assistant for all things chat and writing. Whether you're looking for information, want to chat about a particular topic, or just want to pass the time, AI Chatbot is the perfect AI companion for you.

Plese read our Privacy Policy and Terms of Use:

https://www.appipapi.com/privacy-policy-chatbot

https://www.appipapi.com/terms-conditions-chatbot",4.4,2779,free
Ask GPT -4: Advance GPT AI Chat,https://apps.apple.com/us/app/ask-gpt-4-advance-gpt-ai-chat/id6471589062,"What would be your speed &amp; productivity if Sir Einstein were your personal assistant in your daily tasks?
Well, it's possible AskGPT-4 has Einstein-level IQ with the smartest, human-like AI Chat Assistant in the world!
Who uses Google nowadays? It's old traditional stuff!
 
I'm sure you are tired of scrolling endless pages and blogs to get your one-word answer on Google, right?
Get instant, accurate answers with real-time AskGPT-4 powered search, fetching the most relevant information in seconds!?
 
Your All-in-One Ultimate AI Chat Assistant - Powered by ChatGPT, GPT-4, and Gemini.
 
Discover the smartest AI chat assistant! Whether you need help with homework, creative project ideas, or quick, insightful answers, this app has you covered. It’s the ultimate tool for students, professionals, and anyone looking to accomplish more with less effort.
 
Key Features of Our ASK GPT - AI Chat Assistant:
 
▶  Human like AI Writing Assistant for Essays, Blogs, and Social Media: Need help with your homework or writing assignments? Our AI Writing Assistant, powered by GPT-4 is here to assist you. From drafting essays to creating blog posts, social media content , or generating business emails, marketing strategies, it even offers grammar correction and content optimization for polished, professional writing.
 
▶  AI for Learning – Homework Help, Language Learning, and More: Whether you're struggling with school homework, assignments, or studying for exams, our AI Assistant for Students can break down complex topics, solve math problems, and help with language learning. Your AI Writing Assistant offers step-by-step solutions to simplify complex concepts for students.
 
▶ Instant AI Chatbot for Any Question: Get instant GPT-4 powered answers; this AI chatbot assistant can instantly provide accurate, human-like responses. Whether it's answering general knowledge questions, solving school homework problems, or tackling more complex queries, you can ask AI anything and get tailored, insightful answers.
 
▶  AI Image Generator – Unleash your creativity with the AI Image Generator. Create unique visuals, avatars, anime, headshots, logos, tattoos, or AI-generated art with a simple text prompt.
 
▶  AI Voice Assistant for Hands-Free Experience: Voice Mode lets you interact hands-free, multitasking with ease.
 
▶  AI-Powered PDF and Web Parsing: Extract and analyze text-heavy content like PDFs, articles, and web pages with ease. The AI can summarize or explain these documents, saving you time and providing a deeper understanding of complex material.
 
▶  AI for Fitness and Health: Stay healthy and fit with personalized workout plans, diet suggestions, and wellness advice from the AI-powered health assistant.
 
Why Choose This AI Chatbot Assistant?
 
▶ Powered by Cutting-Edge AI Technology: Built on ChatGPT, GPT-4, Gemini; AI with accurate personalized responses.
▶ Features for Every Need: Whether you're students or professionals, generating AI-powered images, improving your English homework, or needing assistance with school homework.
 
How to Use the AI Chat Assistant:
▶ Ask Anything
Type your question or request, and get instant, accurate responses from the AI.
▶ Generate Images
Input a text prompt and let the AI create unique, stunning visuals.
▶ Write with Ease
Let the AI help you with writing projects like essays, blogs, and social media content.
▶ School Learning
Ask for homework help, explanations, or smarter study tips.
▶ Business Support/Customer Services 
Automate customer support by feeding your business and product data into our AI chatbot assistant, enabling it to provide accurate, real-time answers based on your company’s information
 
Download AskGPT Now – Your Genius AI Chatbot Assistant Awaits!

Terms of Use (EULA):
https://www.apple.com/legal/internet-services/itunes/dev/stdeula/ 
PrivacyPolicy:
https://privacy.askgpt.wibes.co.in/privacy_policy
Terms of Condition:
https://privacy.askgpt.wibes.co.in/terms_and_conditions",5.0,4,free
AI Assistant Chat - Chatbot 4.5,https://apps.apple.com/us/app/ai-assistant-chat-chatbot-4-5/id6502348629,"Introducing your everyday AI chatbot, the app that lets you chat with an AI assistant and get help with a variety of tasks.

This app is your one-stop shop for all things AI chatbot. With it, you can:
Get help with your everyday tasks, such as writing emails, scheduling appointments, and making to-do lists.
Get answers to your questions. No matter what you're curious about, your AI assistant can help you find the answer.
Learn new things. Your AI assistant can teach you about any topic you're interested in. You can ask it questions about history, science, current events, or anything else you want to learn about.
Generate creative text formats. Your AI assistant can generate poems, code, scripts, musical pieces, email, letters, etc. You can use it to write creative content or to help you with your work or school assignments.
Have conversations. Your AI assistant can carry on conversations on a variety of topics. You can talk to it about your day, your interests, or anything else that's on your mind.
Have fun by playing games, telling jokes, and more.

This app is perfect for anyone who wants to explore the possibilities of AI chatbots. It's easy to use and has a variety of features that make it a valuable tool for everyday life.

This app is still under development, but we're adding new features all the time. We hope you'll try it out and let us know what you think!

In addition to the features listed above, this app also includes:

A user-friendly interface that makes it easy to get started
A variety of settings that allow you to customize your experience
Support for multiple languages
We believe that this app has the potential to revolutionize the way we interact with computers. We're excited to see how people use it to learn, create, and have fun.

Download this app today and start exploring the possibilities of AI chatbots!

For unlimited access to all app features, you can subscribe, which includes:

Unlimited Questions &amp; Answers
Smart information summarizing
Advanced image and story generation
Access to GPT-4
Subscriptions are billed automatically at the rate depending on the selected subscription plan.

Our app offers a wide range of communication and assistance features. The free version provides access to all the app's features but limits the number of requests per day.


Disclaimer:

This app provides information only and does not constitute medical advice. Always seek the advice of your physician or other qualified health provider with any questions you may have regarding a medical condition. Do not disregard professional medical advice or delay in seeking it because of something you have read on this app.

Terms of Use: https://ai-chatasistant.com/terms/",4.7,94,free
Chat AI - Ask Anything,https://apps.apple.com/us/app/chat-ai-ask-anything/id1660877567,"Welcome to CHAT AI, the AI chatbot that uses the latest language processing technology to have intelligent and engaging conversations with you. Simply type in your message, and CHAT AI will respond thoughtfully and personally.

Whether you want to write long-form content (essays, emails, articles, etc.) chat about current events, share your thoughts and feelings, or just have a casual conversation, CHAT AI is here to listen and engage with you. With its constantly evolving AI technology,  CHAT AI is able to understand and respond to a wide range of topics and topics of conversation.

FEATURES:

Intelligent and engaging conversation: 
CHAT AI  uses advanced natural language processing technology to understand and respond to a wide range of topics and conversations.

Personalized responses: 
CHAT AI  adapts to your unique style of communication and provides tailored responses that feel like they are coming from a real person.

Constantly evolving AI technology: 
CHAT AI's algorithms are constantly learning and improving, so you can have more natural and enjoyable conversations over time.

Wide range of topics: 
CHAT AI  is able to understand and engage with you on a wide range of topics, from current events to personal thoughts and feelings.

Easy to use: 
CHAT AI is simple to use – just type in your message and receive a response. No complicated setup or training is required.

So why wait? Download CHAT AI today and start chatting with the most advanced chatbot on the App Store!

SUBSCRIPTIONS:

- You can subscribe to a PRO account
- Subscription options are 1-week, 1-month, and one year
- Subscription automatically renews for the same price and duration period as the original, ""one month"", ""one-year"" package unless auto-renew is turned off at least 24 hours before the end of the current period
- Payment will be charged to iTunes Account at confirmation of purchase
- Subscriptions may be managed by the user and auto-renewal may be turned off by going to the user's Account Settings after purchase
- Any unused portion of a free trial period, if offered, will be forfeited when the user purchases a subscription to that publication, where applicable

Terms of Use and Privacy Policy: http://eleventhirteen.co/privacy",4.8,123625,free
GoatChat - AI Chatbot,https://apps.apple.com/us/app/goatchat-ai-chatbot/id1659427516,"GoatChat is a revolutionary AI chatbot powered by ChatGPT &amp; GPT-4, GPT-3.


GoatChat AI is not just any chatbot app; it's a super helpful tool, crafted with advanced AI technology from both ChatGPT and GPT-4. Imagine having a clever friend right in your phone, always ready to chat, assist, and simplify your daily routine. This chatbot is exceptional because it harnesses the intelligence of ChatGPT, ensuring a deeper understanding of your needs and queries.


Interacting with GoatChat, an AI chatbot, is both enjoyable and practical. You can throw any question at it, seek advice, organize your schedule, or indulge in a casual conversation. What makes it stand out is the incorporation of GPT-4's advanced AI capabilities, making it not just smart, but incredibly intuitive. Whether you're tech-savvy or just a regular smartphone user, you'll find GoatChat's interface user-friendly and easy to navigate.


This AI chatbot, powered by ChatGPT and GPT-4 technology, is like a personal assistant that's available round the clock. You can rely on GoatChat for quick answers, helpful suggestions, or even as a learning companion. The integration of ChatGPT's AI technology means that GoatChat is constantly learning and evolving, making each chat experience better than the last.


GoatChat's use of GPT-4 also means that it understands context and nuance better than most chatbots. Whether you're planning a trip, needing recipe ideas, or just feeling chatty, GoatChat is equipped to handle a wide range of topics with ease. It's not just a chatbot; it's a smart AI companion designed to enhance your daily life, making every interaction with your smartphone more meaningful and productive.


Do not enter personal information. May generate offensive or dangerous content. GoatChat is not liable for content generated.


Terms: https://goatchat.ai/terms

Privacy: https://goatchat.ai/privacy",4.6,7133,free
AI Chat 4.0: Genius,https://apps.apple.com/us/app/ai-chat-4-0-genius/id1665764663,"Genius combines powerful AI capabilities with advanced visual intelligence to help you accomplish more, faster. Whether you need assistance with writing, research, analysis, coding, or problem-solving, Genius has got you covered.

But Genius doesn't stop at text-based interactions. Genius can analyze photos, too. Simply snap a photo and Genius can identify objects, analyze diagrams, or answer questions about what it sees.

Reasons why Genius is great:

- Personalized AI assistant
- Advanced image analysis and understanding
- Writing assistance, research, analysis, coding, and more
- Upload PDFs and get insights, summaries, and answers
- Intuitive and user-friendly interface

Start using Genius in seconds with Genius. It's not just smart; it's Genius. Download now to get started. 

There may be cases where the information Genius provides is incorrect or incomplete. We do not take any responsibility for any information provided. Do not enter any personal information. Genius is independently developed and not affiliated, endorsed, or sponsored by OpenAI.

——

Terms of Service: http://onezerosixstudios.com/GeniusTermsofService.html
Privacy Policy: http://onezerosixstudios.com/GeniusPrivacyPolicy.html",4.7,39856,free
AI Chatbot & Writer: KnowIt,https://apps.apple.com/us/app/ai-chatbot-writer-knowit/id6446508895,"KnowItAll is your free AI Chatbot personal assistant (built on OpenAI’s ChatGPT API and GPT-4).

How does KnowItAll AI Chat work?

Simply ask KnowItAll any question or task you need and the app will handle the rest.

Here are just a few things you can do with KnowItAll AI that will save you hours of time and effort:
● Write code for you
● Write and edit essays “Write a 500 word essay on the fall of the Roman Empire”
● Summarize an article or paragraph
● Find typos and grammar mistakes “Fix any typos in this article”
● Write social media captions 
● Generate full video scripts for YouTube, TikTok, and Instagram videos/ads
● Brainstorm business ideas or names
● Translate your text or blog posts into any language 
● Rewrite or improve text in paragraphs
● Ask AI to generate recipes based on the ingredients you have in your fridge or pantry
● Summarize a news article or blog post into key points
● Explain complex ideas ""Explain this like I'm 5 years old""
● Help you with math problems
● Write marketing emails and social media ads 
● Write SEO optimized blog posts “Write a blog post on the best AI Apps for iPhone using ‘ChatGPT’ as the main keyword”

————————————————————

● No Login or email address required

————————————————————

Connect with us on X (formerly Twitter):

@KnowItAllApp

Have any questions or recommendations? Feel free to reach out to me at:

Andrew@AndrewLee.Ventures

Website: https://knowitallapp.com
Privacy Policy: https://knowitallapp.com/privacy
Terms and conditions: https://knowitallapp.com/terms",4.0,12,free
UnItd Artificial Intelligence,https://apps.apple.com/us/app/unltd-artificial-intelligence/id6504840242,"Unltd Artificial Intelligence – Chat, Ask, Create.

Unltd AI is your all-in-one artificial intelligence app. Ask AI anything, chat naturally, and create with the most powerful AI tools available. Whether you’re looking for fast answers, creative inspiration, or an intelligent AI chatbot, Unltd is built for you.

Ask AI Questions, Get Smart Answers

Need quick info, help with writing, or a second brain? Use our advanced AI question answer system to chat with bots powered by Claude, ChatGPT, Grok, and more. Just ask AI — Unltd responds instantly, with clarity and insight.

Chat Naturally with AI

Unltd is more than a chatbot. It’s a full conversational AI experience. Switch between AI chats easily, explore different personalities, and find your perfect aichatbot match — whether you’re here to learn, get support, or just chat.

Generate Stunning Images

Turn your ideas into beautiful visuals with our integrated image tools. From OpenAI’s DALLE to DeepAI and Stable Diffusion models, you can create stylized art, logos, and realistic scenes in seconds.

Key Features

AI Question Answer tools powered by the latest Claude, GPT, and Grok models

Seamless artificial intelligence chat across multiple bots

AI Image Generation with OpenAI DALLE and DeepAI tools

Ask AI anything — Unltd supports casual chats, complex problems, or creative writing

User-friendly interface for both beginners and AI power users

Private and secure – we never share your data with external AI providers

Why Choose Unltd AI?

We combine cutting-edge artificial intelligence with a simple chat interface. Whether you're looking to explore new AI chats, ask questions, or build creative content, Unltd AI is the easiest and most powerful way to do it.

Join thousands of users using Unltd AI to chat, learn, and create every day.

Use Cases

AI Question Answering: Ask AI anything — from quick facts to in-depth answers
Chat with AI Bots: Try different AI chatbot styles and switch between models instantly
Creative Writing and Art: Use Unltd as your creative partner in writing and design
Learning and Support: Ask AI to explain hard topics clearly and simply

Unltd AI is not affiliated with OpenAI, Anthropic, DeepAI, xAI, or Alibaba. We use their public APIs to give you access to the best artificial intelligence tools available in one app.

Download Unltd AI now — your ultimate AI chat and question answer companion.

https://unltd.ai/privacy
https://unltd.ai/terms-of-service

Visit us: https://unltd.ai",4.6,310,free